12.091.809/0001-55;BRAV3;3R PETROLEUM ÓLEO E GÁS S.A
01.851.771/0001-55;QVQP3;524 PARTICIPACOES S.A.
12.528.708/0001-07;AERI3;AERIS INDÚSTRIA E COMÉRCIO DE EQUIPAMENTOS DE GERAÇÃO DE ENERGIA S/A
37.663.076/0001-07;AESB3;AES BRASIL ENERGIA S.A.
00.194.724/0001-13;AESO3;AES BRASIL OPERAÇÕES S.A.
10.338.320/0001-00;AFLT3;AFLUENTE TRANSMISSÃO DE ENERGIA ELÉTRICA S/A
21.240.146/0001-84;AGXY3;AGROGALAXY PARTICIPAÇÕES S.A.
17.167.396/0001-69;RPAD3;ALFA HOLDINGS S.A
17.167.396/0001-69;RPAD5;ALFA HOLDINGS S.A
17.167.396/0001-69;RPAD6;ALFA HOLDINGS S.A
42.771.949/0001-35;AALR3;ALLIANÇA SAÚDE E PARTICIPAÇÕES S.A.
05.878.397/0001-32;ALSO3;ALIANSCE SONAE SHOPPING CENTERS S.A.
20.247.322/0001-47;ALLD3;ALLIED TECNOLOGIA S.A.
05.878.397/0001-32;ALOS3;ALLOS S.A
05.878.397/0001-32;ALOS99;ALLOS S.A
60.537.263/0001-66;ALPK3;ALLPARK EMPREENDIMENTOS PARTICIPAÇÕES SERVIÇOS S.A.
60.537.263/0001-66;ALPK9;ALLPARK EMPREENDIMENTOS PARTICIPAÇÕES SERVIÇOS S.A.
61.079.117/0001-05;ALPA3;ALPARGATAS S.A.
61.079.117/0001-05;ALPA4;ALPARGATAS S.A.
11.721.921/0001-60;APER3;ALPER CONSULTORIA E CORRETORA DE SEGUROS S.A.
16.811.931/0001-00;AVLL3;ALPHAVILLE S.A.
16.811.931/0001-00;AVLL11;ALPHAVILLE S.A.
08.364.948/0001-38;ALUP3;ALUPAR INVESTIMENTO S/A
08.364.948/0001-38;ALUP4;ALUPAR INVESTIMENTO S/A
08.364.948/0001-38;ALUP11;ALUPAR INVESTIMENTO S/A
07.526.557/0001-00;ABEV3;AMBEV S/A
12.648.266/0001-24;AMBP3;AMBIPAR PARTICIPAÇÕES E EMPREENDIMENTOS S/A
00.776.574/0001-56;AMER3;AMERICANAS S.A.
33.050.071/0001-58;CBEE3;AMPLA ENERGIA E SERVICOS S.A.
09.288.252/0001-32;ANIM3;ANIMA HOLDING S.A.
16.590.234/0001-76;ARZZ3;AREZZO INDÚSTRIA E COMÉRCIO S.A.
00.242.184/0001-04;ARML3;ARMAC LOCAÇÃO, SERVIÇOS E SERVIÇOS S.A.
75.315.333/0001-09;CRFB3;ATACADÃO S.A.
04.032.433/0001-80;ATMP3;ATMA PARTICIPAÇÕES S.A.
00.359.742/0001-08;ATOM3;ATOM EMPREENDIMENTOS E PARTICIPAÇÕES S.A.
07.857.093/0001-14;AURA33;AURA MINERALS INC.
28.594.234/0001-23;AURE3;AUREN ENERGIA S.A.
61.351.532/0001-68;AZEV3;AZEVEDO E TRAVASSOS S.A.
61.351.532/0001-68;AZEV4;AZEVEDO E TRAVASSOS S.A.
61.351.532/0001-68;AZEV11;AZEVEDO E TRAVASSOS S.A.
61.351.532/0001-68;AZEV12;AZEVEDO E TRAVASSOS S.A.
09.305.994/0001-29;AZUL4;AZUL S.A.
09.346.601/0001-25;B3SA3;B3 S.A. – BRASIL, BOLSA, BALCÃO
45.987.245/0001-92;BAHI3;BAHEMA EDUCAÇÃO S.A.
28.195.667/0001-06;ABCB4;BANCO ABC BRASIL S.A.
28.195.667/0001-06;ABCB10;BANCO ABC BRASIL S.A.
60.770.336/0001-65;BRIV3;BANCO ALFA DE INVESTIMENTO S.A.
60.770.336/0001-65;BRIV4;BANCO ALFA DE INVESTIMENTO S.A.
61.186.680/0001-74;BMGB4;BANCO BMG S.A.
60.746.948/0001-12;BBDC3;BANCO BRADESCO S.A.
60.746.948/0001-12;BBDC4;BANCO BRADESCO S.A.
30.306.294/0001-45;BPAC3;BANCO BTG PACTUAL S.A.
30.306.294/0001-45;BPAC5;BANCO BTG PACTUAL S.A.
30.306.294/0001-45;BPAC11;BANCO BTG PACTUAL S.A.
04.902.979/0001-44;BAZA3;BANCO AMAZÔNIA S.A.
00.000.208/0001-00;BSLI3;BANCO DE BRASILIA S.A. – BRB
00.000.208/0001-00;BSLI4;BANCO DE BRASILIA S.A. – BRB
00.000.000/0001-91;BBAS11;BANCO DO BRASIL S.A.
00.000.000/0001-91;BBAS12;BANCO DO BRASIL S.A.
00.000.000/0001-91;BBAS3;BANCO DO BRASIL S.A.
13.009.717/0001-46;BGIP3;BANCO DO ESTADO DE SERGIPE S.A. – BANESE
13.009.717/0001-46;BGIP4;BANCO DO ESTADO DE SERGIPE S.A. – BANESE
04.913.711/0001-08;BPAR3;BANCO ESTADO DO PARÁ S.A. – BANPARA
92.702.067/0001-96;BRSR3;BANCO DO ESTADO DO RIO GRANDE DO SUL S.A. – BANRISUL
92.702.067/0001-96;BRSR5;BANCO DO ESTADO DO RIO GRANDE DO SUL S.A. – BANRISUL
92.702.067/0001-96;BRSR6;BANCO DO ESTADO DO RIO GRANDE DO SUL S.A. – BANRISUL
07.237.373/0001-20;BNBR3;BANCO DO NORDESTE DO BRASIL S.A.
00.416.968/0001-01;BIDI3;BANCO INTER S.A.
00.416.968/0001-01;BIDI4;BANCO INTER S.A.
00.416.968/0001-01;BIDI11;BANCO INTER S.A.
34.169.557/0001-72;BMIN3;BANCO MERCANTIL DE INVESTIMENTOS S.A.
34.169.557/0001-72;BMIN4;BANCO MERCANTIL DE INVESTIMENTOS S.A.
17.184.037/0001-10;BMEB3;BANCO MERCANTIL DO BRASIL S.A.
17.184.037/0001-10;BMEB4;BANCO MERCANTIL DO BRASIL S.A.
30.723.886/0001-62;MODL3;BANCO MODAL S.A.
30.723.886/0001-62;MODL4;BANCO MODAL S.A.
30.723.886/0001-62;MODL11;BANCO MODAL S.A.
59.285.411/0001-13;BPAN4;BANCO PAN
59.285.411/0001-13;BPAN12;BANCO PAN
62.144.175/0001-20;PINE3;BANCO PINE S.A.
62.144.175/0001-20;PINE4;BANCO PINE S.A.
62.144.175/0001-20;PINE11;BANCO PINE S.A.
90.400.888/0001-42;SANB3;BANCO SANTANDER (BRASIL) S.A.
90.400.888/0001-42;SANB4;BANCO SANTANDER (BRASIL) S.A.
90.400.888/0001-42;SANB11;BANCO SANTANDER (BRASIL) S.A.
28.127.603/0001-78;BEES3;BANESTES S.A. – BANCO ESTADUAL DO ESPÍRITO SANTO
28.127.603/0001-78;BEES4;BANESTES S.A. – BANCO ESTADUAL DO ESPÍRITO SANTO
60.851.615/0001-53;BDLL3;BARDELLA S.A. INDÚSTRIAS MECÂNICAS
60.851.615/0001-53;BDLL4;BARDELLA S.A. INDÚSTRIAS MECÂNICAS
61.374.161/0001-30;BALM3;BAUMER S.A.
61.374.161/0001-30;BALM4;BAUMER S.A.
17.344.597/0001-94;BBSE3;BB SEGURIDADE PARTICIPAÇÕES S.A.
01.107.327/0001-20;BBML3;BBM LOGÍSTICA S.A.
09.042.817/0001-05;BMOB3;BEMOBI MOBILE TECH S.A.
02.762.124/0001-30;BETP3;BETAPART PARTICIPAÇÕES S.A.
56.992.423/0001-90;BMKS3;BICICLETAS MONARK S.A.
04.752.991/0001-10;BIOM3;BIOMM S.A.
04.752.991/0001-10;BIOM11;BIOMM S.A.
04.752.991/0001-10;BIOM12;BIOMM S.A.
04.752.991/0001-10;BIOM13;BIOMM S.A.
04.752.991/0001-10;BIOM14;BIOMM S.A.
13.574.594/0001-96;BKBR3;BK BRASIL OPERAÇÕES E ASSESSORIA A RESTAURANTES SA
58.430.828/0001-60;BLAU3;BLAU FARMACÊUTICA S.A.
10.807.374/0001-77;SOJA3;BOA SAFRA SEMENTES S.A.
11.725.176/0001-27;BOAS3;BOA VISTA SERVIÇOS S.A.
50.564.053/0001-03;BOBR3;BOMBRIL S.A.
50.564.053/0001-03;BOBR4;BOMBRIL S.A.
10.739.356/0001-03;BRBI11;BR ADVISORY PARTNERS PARTICIPAÇÕES S.A.
06.977.745/0001-91;BRML3;BR MALLS PARTICIPAÇÕES S.A.
06.977.751/0001-49;BRPR3;BR PROPERTIES S.A.
03.847.461/0001-92;BRAP3;BRADESPAR S.A.
03.847.461/0001-92;BRAP4;BRADESPAR S.A.
08.613.550/0001-98;BBRK3;BRASIL BROKERS PARTICIPAÇÕES S.A.
07.628.528/0001-59;AGRO3;BRASILAGRO – COMPANHIA BRASILEIRA DE PROPRIEDADES AGRÍCOLAS
42.150.391/0001-70;BRKM3;BRASKEM S.A.
42.150.391/0001-70;BRKM5;BRASKEM S.A.
42.150.391/0001-70;BRKM6;BRASKEM S.A.
01.838.723/0001-27;BRFS3;BRF S.A.
19.796.586/0001-70;BRIT3;BRISANET PARTICIPAÇÕES S.A.
36.542.025/0001-64;BRQB3;BRQ SOLUÇÕES EM INFORMÁTICA S.A.
04.030.182/0001-02;CABI3;CABINDA PARTICIPAÇÕES S.A.
22.543.331/0001-00;CXSE3;CAIXA SEGURIDADE PARTICIPAÇÕES S.A.
61.088.894/0001-08;CAMB3;CAMBUCI S.A.
64.904.295/0001-03;CAML3;CAMIL ALIMENTOS S.A.
02.846.056/0001-97;CCRO3;CCR S.A.
45.242.914/0001-05;CEAB3;C&A MODAS S.A.
93.828.986/0001-73;MAPT3;CEMEPE INVESTIMENTOS S.A.
93.828.986/0001-73;MAPT4;CEMEPE INVESTIMENTOS S.A.
00.001.180/0001-26;ELET3;CENTRAIS ELÉTRICAS BRASILEIRAS S.A. – ELETROBRAS 
00.001.180/0001-26;ELET5;CENTRAIS ELÉTRICAS BRASILEIRAS S.A. – ELETROBRAS 
00.001.180/0001-26;ELET6;CENTRAIS ELÉTRICAS BRASILEIRAS S.A. – ELETROBRAS 
83.878.892/0001-55;CLSC3;CENTRAIS ELÉTRICAS DE SANTA CATARINA S.A.
83.878.892/0001-55;CLSC4;CENTRAIS ELÉTRICAS DE SANTA CATARINA S.A.
42.771.949/0001-35;AALR3;CENTRO DE IMAGEM DIAGNÓSTICOS S.A.
33.042.730/0001-04;CSNA3;CIA SIDERURGICA NACIONAL
15.141.799/0001-03;FESA3;CIA FERRO LIGAS DA BAHIA – FERBASA
15.141.799/0001-03;FESA4;CIA FERRO LIGAS DA BAHIA – FERBASA
61.856.571/0001-17;CGAS3;CIA GÁS DE SÃO PAULO – COMGAS
61.856.571/0001-17;CGAS5;CIA GÁS DE SÃO PAULO – COMGAS
87.762.563/0001-03;HBTS3;CIA HABITASUL DE PARTICIPAÇÕES
87.762.563/0001-03;HBTS5;CIA HABITASUL DE PARTICIPAÇÕES
87.762.563/0001-03;HBTS6;CIA HABITASUL DE PARTICIPAÇÕES
19.526.748/0001-50;CATA3;CIA INDUSTRIAL CATAGUASES
19.526.748/0001-50;CATA4;CIA INDUSTRIAL CATAGUASES
60.730.348/0001-66;MSPA3;CIA MELHORAMENTOS DE SÃO PAULO
60.730.348/0001-66;MSPA4;CIA MELHORAMENTOS DE SÃO PAULO
22.677.520/0001-76;CTNM3;CIA TECIDOS NORTE DE MINAS – COTEMINAS
22.677.520/0001-76;CTNM4;CIA TECIDOS NORTE DE MINAS – COTEMINAS
21.255.567/0001-89;CTSA3;CIA TECIDOS SANTANENSE
21.255.567/0001-89;CTSA4;CIA TECIDOS SANTANENSE
01.027.058/0001-91;CIEL3;CIELO S.A.
00.272.185/0001-93;CMSA3;CIMS S.A.
00.272.185/0001-93;CMSA4;CIMS S.A.
03.802.115/0001-98;CLSA3;CLEAR SALE S.A.
12.420.164/0001-57;VVEO3;CM HOSPITALAR S.A.
02.800.026/0001-40;COGN3;COGNA EDUCAÇÃO S.A.
25.369.840/0001-57;COMR3;COMERC PARTICIPAÇÕES S.A.
61.409.892-0001-73;CBAV3;COMPANHIA BRASILEIRA DE ALUMÍNIO
47.508.411/0001-56;PCAR3;COMPANHIA BRASILEIRA DE DISTRIBUIÇÃO
15.139.629/0001-94;CEEB3;COMPANHIA DE ELETRICIDADE EST. DA BAHIA – COELBA
15.139.629/0001-94;CEEB5;COMPANHIA DE ELETRICIDADE EST. DA BAHIA – COELBA
15.139.629/0001-94;CEEB36;COMPANHIA DE ELETRICIDADE EST. DA BAHIA – COELBA
82.508.433/0001-17;CASN3;COMPANHIA CATARINENSE DE ÁGUAS E SANEAMENTO – CASAN
82.508.433/0001-17;CASN4;COMPANHIA CATARINENSE DE ÁGUAS E SANEAMENTO – CASAN
08.560.444/0001-93;GPAR3;COMPANHIA CELG DE PARTICIPAÇÕES – CELGPAR
43.776.517/0001-80;SBSP3;COMPANHIA DE SANEAMENTO BÁSICO DO ESTADO DE SÃO PAULO – SABESP
17.281.106/0001-03;CSMG3;COMPANHIA DE SANEAMENTO DE MINAS GERAIS – COPASA MG 
76.484.013/0001-45;SAPR3;COMPANHIA DE SANEAMENTO DO PARANÁ – SANEPAR
76.484.013/0001-45;SAPR4;COMPANHIA DE SANEAMENTO DO PARANÁ – SANEPAR
76.484.013/0001-45;SAPR11;COMPANHIA DE SANEAMENTO DO PARANÁ – SANEPAR
33.938.119/0001-69;CEGR3;COMPANHIA DISTRIBUIDORA DE GÁS DO RIO DE JANEIRO – CEG
00.070.698/0001-11;CEBR3;COMPANHIA ENERGÉTICA DE BRASÍLIA
00.070.698/0001-11;CEBR5;COMPANHIA ENERGÉTICA DE BRASÍLIA
00.070.698/0001-11;CEBR6;COMPANHIA ENERGÉTICA DE BRASÍLIA
17.155.730/0001-64;CMIG3;COMPANHIA ENERGÉTICA DE MINAS GERAIS – CEMIG
17.155.730/0001-64;CMIG4;COMPANHIA ENERGÉTICA DE MINAS GERAIS – CEMIG
60.933.603/0001-78;CESP3;COMPANHIA ENERGÉTICA DE SÃO PAULO – CESP
60.933.603/0001-78;CESP5;COMPANHIA ENERGÉTICA DE SÃO PAULO – CESP
60.933.603/0001-78;CESP6;COMPANHIA ENERGÉTICA DE SÃO PAULO – CESP
07.047.251/0001-70;COCE3;COMPANHIA ENERGÉTICA DO CEARÁ – COELCE
07.047.251/0001-70;COCE5;COMPANHIA ENERGÉTICA DO CEARÁ – COELCE
07.047.251/0001-70;COCE6;COMPANHIA ENERGÉTICA DO CEARÁ – COELCE
08.324.196/0001-81;CSRN3;COMPANHIA ENERGÉTICA DO RIO GRANDE DO NORTE – COSERN
08.324.196/0001-81;CSRN5;COMPANHIA ENERGÉTICA DO RIO GRANDE DO NORTE – COSERN
08.324.196/0001-81;CSRN6;COMPANHIA ENERGÉTICA DO RIO GRANDE DO NORTE – COSERN
08.467.115/0001-00;CEED3;COMPANHIA ESTADUAL DE DISTRIBUIIÇÃO DE ENERGIA ELÉTRICA – CEEE-D
08.467.115/0001-00;CEED4;COMPANHIA ESTADUAL DE DISTRIBUIIÇÃO DE ENERGIA ELÉTRICA – CEEE-D
92.715.812/0001-31;EEEL3;COMPANHIA ESTADUAL DE TRANSMISSÃO DE ENERGIA ELÉTRICA – CEEE-T
92.715.812/0001-31;EEEL4;COMPANHIA ESTADUAL DE TRANSMISSÃO DE ENERGIA ELÉTRICA – CEEE-T
17.245.234/0001-00;CEDO3;COMPANHIA FIAÇÃO TECIDOS CEDRO CACHOEIRA
17.245.234/0001-00;CEDO4;COMPANHIA FIAÇÃO TECIDOS CEDRO CACHOEIRA
10.215.988/0001-60;LCAM3;COMPANHIA LOCAÇÃO DAS AMÉRICAS
76.483.817/0001-20;CPLE3;COMPANHIA PARAENSE DE ENERGIA – COPEL
76.483.817/0001-20;CPLE5;COMPANHIA PARAENSE DE ENERGIA – COPEL
76.483.817/0001-20;CPLE6;COMPANHIA PARAENSE DE ENERGIA – COPEL
02.998.611/0001-04;ISAE3;ISA ENERGIA BRASIL S.A
02.998.611/0001-04;ISAE4;ISA ENERGIA BRASIL S.A
21.389.501/0001-81;PASS3;COMPASS GÁS E ENERGIA S.A.
21.389.501/0001-81;PASS5;COMPASS GÁS E ENERGIA S.A.
21.389.501/0001-81;PASS6;COMPASS GÁS E ENERGIA S.A.
00.938.574/0001-05;CRTE3;CONCESSIONÁRIA RIO-TERESÓPOLIS S.A.
00.938.574/0001-05;CRTE5;CONCESSIONÁRIA RIO-TERESÓPOLIS S.A.
97.191.902/0001-94;ODER3;CONSERVAS ODERICH S.A.
97.191.902/0001-94;ODER4;CONSERVAS ODERICH S.A.
17.193.806/0001-46;BRGE3;CONSÓRCIO ALFA DE ADMINISTRAÇÃO S.A.
17.193.806/0001-46;BRGE5;CONSÓRCIO ALFA DE ADMINISTRAÇÃO S.A.
17.193.806/0001-46;BRGE6;CONSÓRCIO ALFA DE ADMINISTRAÇÃO S.A.
17.193.806/0001-46;BRGE7;CONSÓRCIO ALFA DE ADMINISTRAÇÃO S.A.
17.193.806/0001-46;BRGE8;CONSÓRCIO ALFA DE ADMINISTRAÇÃO S.A.
17.193.806/0001-46;BRGE11;CONSÓRCIO ALFA DE ADMINISTRAÇÃO S.A.
17.193.806/0001-46;BRGE12;CONSÓRCIO ALFA DE ADMINISTRAÇÃO S.A.
61.022.042/0001-18;CALI3;CONSTRUTORA ADOLPHO LINDENBERG S.A.
61.022.042/0001-18;CALI11;CONSTRUTORA ADOLPHO LINDENBERG S.A.
71.476.527/0001-35;TEND3;CONSTRUTORA TENDA S.A.
50.746.577/0001-15;CSAN3;COSAN S.A.
02.429.144/0001-93;CPFE3;CPFL ENERGIA S.A.
33.040.601/0001-87;MERC3;CREDITAQUI FINANCEIRA S.A. – CRÉDITO FINANCIAMENTO
33.040.601/0001-87;MERC4;CREDITAQUI FINANCEIRA S.A. – CRÉDITO FINANCIAMENTO
62.984.091/0001-02;CSED3;CRUZEIRO DO SUL EDUCACIONAL S.A.
08.902.291/0001-15;CMIN3;CSN MINERAÇÃO S.A.
01.896.779/0001-38;CARD3;CSU CARDSYSTEM S.A.
06.981.381/0001-13;CTCA3;CTC – CENTRO DE TECNOLOGIA CANAVIEIRA S.A.
08.797.760/0001-83;CURY3;CURY CONSTRUTORA E INCORPORADORA S.A.
10.760.260/0001-19;CVCB3;CVC BRASIL OPERADORA E AGÊNCIA DE VIAGENS S.A.
16.233.389/0001-55;LLBI3;CVLB BRASIL S.A.
73.178.600/0001-18;CYRE3;CYRELA BRAZIL REALTY S.A. EMPREENDIMENTOS E PARTICIPAÇÕES
12.108.897/0001-50;DMVF3;D1000 VAREJO FARMA PARTICIPAÇÕES S.A.
08.170.849/0001-15;DESK3;DESKTOP – SIGMANET COMUNICAÇÃO MULTIMÍDIA S.A.
97.837.181/0001-47;DXCO3;DEXCO S.A.
02.193.750/0001-52;DEXP3;DEXXOS PARTICIPAÇÕES S.A.
02.193.750/0001-52;DEXP4;DEXXOS PARTICIPAÇÕES S.A.
61.486.650/0001-83;DASA3;DIAGNÓSTICOS DA AMÉRICA S.A.
92.665.611/0001-77;PNVL3;DIMED S.A. DISTRIBUIDORA DE MEDICAMENTOS
16.614.075/0001-00;DIRR3;DIRECIONAL ENGENHARIA S.A.
91.669.747/0001-92;DMFN3;DM FINANCEIRA S.A. – CRÉDITO, FINANCINANCIAMENTO E INVESTIMENTO
84.683.408/0001-03;DOHL3;DOHLER S.A.
84.683.408/0001-03;DOHL4;DOHLER S.A.
18.174.270/0001-84;DOTZ3;DOTZ S.A.
03.303.999/0001-36;DTCY3;DTCOM – DIRECT TO COMPANY S.A
03.303.999/0001-36;DTCY4;DTCOM – DIRECT TO COMPANY S.A
04.149.454/0001-80;ECOR3;ECORODOVIAS INFRAESTRUTURA E LOGÍSTICA S.A.
03.983.431/0001-03;ENBR3;EDP – ENERGIAS DO BRASIL S.A.
82.643.537/0001-34;EALT3;ELECTRO ACO ALTONA S.A.
82.643.537/0001-34;EALT4;ELECTRO ACO ALTONA S.A.
02.328.280/0001-97;EKTR3;ELEKTRO REDES S.A.
02.328.280/0001-97;EKTR4;ELEKTRO REDES S.A.
01.104.937/0001-70;LIPR3;ELETROBRÁS PARTICIPAÇÕES S.A. – ELETROPAR
09.347.516/0001-81;ELMD3;ELETROMIDIA S.A.
42.331.462/0001-31;EPAR3;EMBPAR PARTICIPACOES S.A.
07.689.002/0001-89;EMBR3;EMBRAER S.A.
06.626.253/0001-51;PGMN3;EMPREENDIMENTOS PAGUE MENOS S.A.
02.302.101/0001-42;EMAE3;EMPRESA METROPOLITANA DE ÁGUAS E ENERGIA S.A. – EMAE
02.302.101/0001-42;EMAE4;EMPRESA METROPOLITANA DE ÁGUAS E ENERGIA S.A. – EMAE
11.669.021/0001-10;ENAT3;ENAUTA PARTICIPAÇÕES S.A.
03.467.321/0001-99;ENMT3;ENERGISA MATO GROSSO – DISTRIBUIDORA DE ENERGIA S/A
03.467.321/0001-99;ENMT4;ENERGISA MATO GROSSO – DISTRIBUIDORA DE ENERGIA S/A
00.864.214/0001-06;ENGI3;ENERGISA S.A.
00.864.214/0001-06;ENGI4;ENERGISA S.A.
00.864.214/0001-06;ENGI11;ENERGISA S.A.
00.864.214/0001-06;ENGI12;ENERGISA S.A.
04.423.567/0001-21;ENEV3;ENEVA S.A.
02.474.103/0001-19;EGIE3;ENGIE BRASIL ENERGIA S.A.
16.922.038/0001-51;ENJU3;ENJOEI S.A.
03.220.438/0001-73;EQTL3;EQUATORIAL ENERGIA S.A.
04.895.728/0001-80;EQPA3;EQUATORIAL PARÁ DISTRIBUIDORA DE ENERGIA S.A.
04.895.728/0001-80;EQPA5;EQUATORIAL PARÁ DISTRIBUIDORA DE ENERGIA S.A.
04.895.728/0001-80;EQPA6;EQUATORIAL PARÁ DISTRIBUIDORA DE ENERGIA S.A.
04.895.728/0001-80;EQPA7;EQUATORIAL PARÁ DISTRIBUIDORA DE ENERGIA S.A.
61.092.037/0001-81;ETER3;ETERNIT S.A.
56.643.018/0001-66;EUCA3;EUCATEX S.A. INDÚSTRIA E COMÉRCIO
56.643.018/0001-66;EUCA4;EUCATEX S.A. INDÚSTRIA E COMÉRCIO
43.470.988/0001-65;EVEN3;EVEN CONSTRUTORA E INCORPORADORA S.A.
95.426.862/0001-97;BAUH3;EXCELSIOR ALIMENTOS S.A.
95.426.862/0001-97;BAUH4;EXCELSIOR ALIMENTOS S.A.
08.312.229/0001-73;EZTC3;EZ TEC EMPREENDIMENTOS E PARTICIPAÇÕES S.A.
00.924.429/0001-75;VSPT3;FERROVIA CENTRO-ATLÂNTICA S.A.
00.924.429/0001-75;VSPT4;FERROVIA CENTRO-ATLÂNTICA S.A.
22.266.175/0001-88;FHER3;FERTILIZANTES HERINGER S.A.
07.820.907/0001-46;FIEI3;FICA EMPREENDIMENTOS IMOBILIÁRIOS S.A
17.167.412/0001-13;CRIV3;FINANCEIRA ALFA S.A.- CRED FINANC E INVS
17.167.412/0001-13;CRIV4;FINANCEIRA ALFA S.A.- CRED FINANC E INVS
60.840.055/0001-31;FLRY3;FLEURY S.A.
26.735.020/0001-02;POWE3;FOCUS ENERGIA HOLDING PARTICIPAÇÕES S.A.
88.610.126/0001-29;FRAS3;FRAS-LE S.A.
01.545.826/0001-07;GFSA3;GAFISA S.A.
02.796.775/0001-40;OPGM3;GAMA PARTICIPAÇÕES S.A.
08.764.621/0001-53;GSHP3;GENERAL SHOPPING E OUTLETS DO BRASIL S.A.
33.611.500/0001-19;GGBR3;GERDAU S.A.
33.611.500/0001-19;GGBR4;GERDAU S.A.
14.127.813/0001-51;NINJ3;GETNINJAS S.A.
06.164.253/0001-87;GOLL3;GOL LINHAS AÉREAS INTELIGENTES S.A.
06.164.253/0001-87;GOLL4;GOL LINHAS AÉREAS INTELIGENTES S.A.
06.164.253/0001-87;GOLL11;GOL LINHAS AÉREAS INTELIGENTES S.A.
06.164.253/0001-87;GOLL12;GOL LINHAS AÉREAS INTELIGENTES S.A.
06.164.253/0001-87;GOLL13;GOL LINHAS AÉREAS INTELIGENTES S.A.
09.229.201/0001-30;GGPS3;GPS PARTICIPAÇÕES E EMPREENDIMENTOS S.A.
81.616.807/0001-55;EGGY3;GRANJA FARIA S.A.
92.012.467/0001-70;CGRA3;GRAZZIOTIN S.A.
92.012.467/0001-70;CGRA4;GRAZZIOTIN S.A.
89.850.341/0001-60;GRND3;GRENDENE S.A.
33.041.260/0652-90;BHIA3;GRUPO CASAS BAHIA S.A.
33.041.260/0652-90;BHIA12;GRUPO CASAS BAHIA S.A.
10.285.590/0001-08;SOMA3;GRUPO DE MODA SOMA S.A.
24.990.777/0001-09;GMAT3;GRUPO MATEUS S.A.
13.217.485/0001-11;SBFG3;GRUPO SBF SA
08.402.943/0001-52;GUAR3;GUARARAPES CONFECÇÕES S.A.
30.540.991/0001-66;HAGA3;HAGA S.A. INDÚSTRIA E COMERCIO
30.540.991/0001-66;HAGA4;HAGA S.A. INDÚSTRIA E COMERCIO
05.197.443/0001-38;HAPV3;HAPVIDA PARTICIPAÇÕES E INVESTIMENTOS SA
14.785.152/0001-51;HBRE3;HBR REALTY EMPREENDIMENTOS IMOBILIÁRIOS S/A
49.263.189/0001-02;HBOR3;HELBOR EMPREENDIMENTOS S.A.
92.749.225/0001-63;HETA3;HERCULES S.A. FÁBRICA DE TALHERES
92.749.225/0001-63;HETA4;HERCULES S.A. FÁBRICA DE TALHERES
12.648.327/0001-53;HBSA3;HIDROVIAS DO BRASIL S.A.
40.159.947/0001-64;HMOB3;HMOBI PARTICIPAÇÕES S.A.
16.676.520/0001-59;MATD3;HOSPITAL MATER DEI S/A
33.200.049/0001-47;HOOT3;HOTEIS OTHON S.A.
33.200.049/0001-47;HOOT4;HOTEIS OTHON S.A.
18.483.666/0001-03;GRAO3;HUMBERG AGRIBRASIL COM. E EXPORT. DE GRÃOS S.A.
02.932.074/0001-91;HYPE3;HYPERA S.A.
08.159.965/0001-33;IGSN3;IGUA SANEAMENTO S.A.
60.543.816/0001-93;IGTI3;IGUATEMI S.A.
60.543.816/0001-93;IGTI4;IGUATEMI S.A.
60.543.816/0001-93;IGTI11;IGUATEMI S.A.
09.611.768/0001-76;INNC3;INC EMPREENDIMENTOS IMOBILIÁRIOS S.A.
56.720.428/0001-63;ROMI3;INDÚSTRIAS ROMI S.A.
76.627.504/0001-06;INEP3;INEPAR S.A. INDÚSTRIA E CONSTRUÇÕES
76.627.504/0001-06;INEP4;INEPAR S.A. INDÚSTRIA E CONSTRUÇÕES
38.546.921/0001-36;IFCM3;INFRACOMMERCE CXAAS S.A.
19.378.769/0001-76;PARD3;INSTITUTO HERMES PARDINI S.A.
82.901.000/0001-27;INTB3;INTELBRAS S.A. INDÚSTRIA DE TELECOMUNICAÇÕES ELETRÔNICA BRASILEIRA
17.314.329/0001-20;MEAL3;INTERNATIONAL MEAL COMPANY ALIMENTAÇÃO S.A.
01.548.981/0001-79;FIGE3;INVESTIMENTOS BEMGE S.A.
01.548.981/0001-79;FIGE4;INVESTIMENTOS BEMGE S.A.
61.156.113/0001-75;MYPK3;IOCHPE MAXION S.A.
92.791.243/0001-03;RANI3;IRANI PAPEL E EMBALAGEM S.A.
33.376.989/0001-91;IRBR3;IRB – BRASIL RESSEGUROS S.A.
60.872.504/0001-23;ITUB3;ITAÚ UNIBANCO HOLDING S.A.
60.872.504/0001-23;ITUB4;ITAÚ UNIBANCO HOLDING S.A.
61.532.644/0001-15;ITSA3;ITAUSA S.A.
61.532.644/0001-15;ITSA4;ITAUSA S.A.
02.635.522/0001-95;JALL3;JALLES MACHADO S.A.
02.916.265/0001-60;JBSS3;JBS S.A.
08.294.224/0001-65;JHSF3;JHSF PARTICIPAÇÕES S.A.
33.035.536/0001-00;JFEN3;JOÃO FORTES ENGENHARIA S.A.
87.456.562/0001-22;JOPA3;JOSAPAR – JOAQUIM OLIVEIRA S.A. – PARTICIP
87.456.562/0001-22;JOPA4;JOSAPAR – JOAQUIM OLIVEIRA S.A. – PARTICIP
52.548.435/0001-79;JSLG3;JSL S.A.
09.146.451/0001-06;KLAS3;KALLAS INCORPORAÇÕES E CONSTRUÇÕES S.A.
82.640.558/0001-04;CTKA3;KARSTEN S.A.
82.640.558/0001-04;CTKA4;KARSTEN S.A.
91.983.056/0001-69;KEPL3;KEPLER WEBER S.A.
89.637.490/0001-45;KLBN3;KLABIN S.A.
89.637.490/0001-45;KLBN4;KLABIN S.A.
89.637.490/0001-45;KLBN11;KLABIN S.A.
13.270.520/0001-66;KRSA3;KORA SAÚDE PARTICIPAÇÕES S.A.
26.462.693/0001-28;LAVV3;LAVVI EMPREENDIMENTOS IMOBILIÁRIOS S.A.
02.357.251/0001-53;LMED3;LIFEMED INDUSTRIAL EQUIP. DE ART. MÉD. HOSP. S.A.
03.378.521/0001-75;LIGT3;LIGHT S.A.
05.917.486/0001-40;LVTC3;LIVETECH DA BAHIA INDÚSTRIA E COMÉRCIO S/A
16.670.085/0001-55;RENT3;LOCALIZA RENT A CAR S.A.
02.351.877/0001-52;LWSA3;LOCAWEB SERVIÇOS DE INTERNET S.A.
09.041.168/0001-10;LOGG3;LOG COMMERCIAL PROPERTIES
42.278.291/0001-24;LOGN3;LOG-IN LOGÍSTICA INTERMODAL S.A.
33.014.556/0001-96;LAME3;LOJAS AMERICANAS S.A.
33.014.556/0001-96;LAME4;LOJAS AMERICANAS S.A.
96.418.264/0218-02;LJQQ3;LOJAS QUERO-QUERO S.A.
92.754.738/0001-62;LREN3;LOJAS RENNER S.A.
08.078.847/0001-09;LPSB3;LPS BRASIL – CONSULTORIA DE IMÓVEIS S.A.
89.463.822/0001-12;LUPA3;LUPATECH S.A.
89.463.822/0001-12;LUPA11;LUPATECH S.A.
07.206.816/0001-15;MDIA3;M. DIAS BRANCO S.A. INDÚSTRIA E COMÉRCIO DE ALIMENTOS
08.795.211/0001-70;MSRO3;MAESTRO LOCADORA DE VEÍCULOS S.A.
47.960.950/0001-21;MGLU3;MAGAZINE LUIZA S.A.
60.476.884/0001-87;LEVE3;MAHLE-METAL LEVE S.A.
61.065.298/0001-02;MGEL3;MANGELS INDUSTRIAL S.A.
61.065.298/0001-02;MGEL4;MANGELS INDUSTRIAL S.A.
61.082.004/0001-50;ESTR3;MANUFATURA DE BRINQUEDOS ESTRELA S.A.
61.082.004/0001-50;ESTR4;MANUFATURA DE BRINQUEDOS ESTRELA S.A.
88.611.835/0001-29;POMO3;MARCOPOLO S.A.
88.611.835/0001-29;POMO4;MARCOPOLO S.A.
03.853.896/0001-40;MRFG3;MARFRIG GLOBAL FOODS S.A.
61.189.288/0001-89;AMAR3;MARISA LOJAS S.A.
14.110.585/0001-07;CASH3;MÉLIUZ S.A.
12.181.987/0001-77;MELK3;MELNICK DESENVOLVIMENTO IMOBILIÁRIO S.A.
04.821.041/0001-08;FRIO3;METALFRIO SOLUTIONS S.A.
92.690.783/0001-09;GOAU3;METALÚRGICA GERDAU S.A.
92.690.783/0001-09;GOAU4;METALÚRGICA GERDAU S.A.
85.778.074/0001-06;RSUL3;METALÚRGICA RIOSULENSE S.A.
85.778.074/0001-06;RSUL4;METALÚRGICA RIOSULENSE S.A.
86.375.425/0001-09;MTSA3;METISA METALURGICA TIMBOENSE S.A.
86.375.425/0001-09;MTSA4;METISA METALURGICA TIMBOENSE S.A.
27.093.558/0001-15;MILS3;MILLS ESTRUTURAS E SERVIÇOS DE ENGENHARIA S.A.
17.161.241/0001-15;MMAQ3;MINASMAQUINAS S.A.
17.161.241/0001-15;MMAQ4;MINASMAQUINAS S.A.
67.620.377/0001-14;BEEF3;MINERVA S.A.
67.620.377/0001-14;BEEEF11;MINERVA S.A.
90.076.886/0001-40;MNPR3;MINUPAR PARTICIPACOES S.A.
07.882.930/0001-65;MTRE3;MITRE REALTY EMPREENDIMENTOS E PARTICIPAÇÕES S.A.
31.553.627/0001-01;MBLY3;MOBLY S.A.
33.102.476/0001-92;MOAR3;MONTEIRO ARANHA S.A.
09.083.175/0001-84;MOSI3;MOSAICO TECNOLOGIA AO CONSUMIDOR S.A.
12.049.631/0001-84;MDNE3;MOURA DUBEUX ENGENHARIA S/A
21.314.559/0001-66;MOVI3;MOVIDA PARTICIPAÇÕES S.A.
26.659.061/0001-59;ESPA3;MPM CORPÓREOS S.A.
08.343.492/0001-20;MRVE3;MRV ENGENHARIA E PARTICIPAÇÕES S.A.
59.717.553/0001-02;MLAS3;MULTILASER INDUSTRIAL S.A.
07.816.890/0001-53;MULT3;MULTIPLAN – EMPREENDIMENTOS IMOBILIÁRIOS S.A.
88.610.191/0001-54;MNDL3;MUNDIAL S.A. – PRODUTOS DE CONSUMO
32.785.497/0001-97;NTCO3;NATURA & CO HOLDING S.A.
01.083.200/0001-18;NEOE3;NEOENERGIA S.A.
10.139.870/0001-08;NGRD3;NEOGRID PATICIPAÇÕES S.A.
08.613.550/0001-98;NEXP3;NEXPE PARTICIPAÇÕES S.A
60.884.319/0001-59;NORD3;NORDON INDÚSTRIAS METALÚRGICAS S.A.
29.950.060/0001-57;NRTQ3;NORTEC QUÍMICA S.A.
19.853.511/0001-84;GNDI3;NOTRE DAME INTERMÉDICA PARTICIPAÇÕES S.A.
51.128.999/0001-90;NUTR3;NUTRIPLANT INDÚSTRIA E COMÉRCIO S.A.
09.114.805/0001-30;OPCT3;OCEANPACT SERVIÇOS MARÍTIMOS S.A.
58.119.199/0001-51;ODPV3;ODONTOPREV S.A.
76.535.764/0001-43;OIBR3;OI S.A.
76.535.764/0001-43;OIBR4;OI S.A.
09.149.503/0001-06;OMGE3;OMEGA GERAÇÃO S.A.
12.104.241/0004-02;ONCO3;ONCOCLÍNICAS DO BRASIL SERVIÇOS MÉDICOS S.A.
11.421.994/0001-36;ORVR3;ORIZON VALORIZAÇÃO DE RESÍDUOS S.A.
09.112.685/0001-32;OSXB3;OSX BRASIL S.A.
20.258.278/0001-70;OFSA3;OURO FINO SAÚDE ANIMAL PARTICIPAÇÕES S.A.
02.365.069/0001-44;PDTC3;PADTEC HOLDING S.A.
92.693.019/0001-89;PATI3;PANATLANTICA S.A.
92.693.019/0001-89;PATI4;PANATLANTICA S.A.
60.398.369/0004-79;PMAM3;PARANAPANEMA S.A.
83.475.913/0001-91;PTBL3;PBG S/A – PORTOBELLO
88.613.658/0001-10;PTNT3;PETTENATI S.A. INDÚSTRIA TÊXTIL
88.613.658/0001-10;PTNT4;PETTENATI S.A. INDÚSTRIA TÊXTIL
33.000.167/0001-01;PETR3;PETRÓLEO BRASILEIRO S.A. PETROBRAS
33.000.167/0001-01;PETR4;PETRÓLEO BRASILEIRO S.A. PETROBRAS
02.950.811/0001-89;PDGR3;PDG REALTY S.A. EMPREENDIMENTOS E PARTICIPAÇÕES
18.328.118/0001-09;PETZ3;PET CENTER COMÉRCIO E PARTICIPAÇÕES S.A.
03.342.704/0001-30;RECV3;PETRORECÔNCAVO S.A.
24.230.275/0001-80;PLPL3;PLANO E PLANO DESENVOLVIMENTO IMOBILIÁRIO S.A.
51.928.174/0001-50;PLAS3;PLASCAR PARTICIPAÇÕES INDUSTRIAIS S.A.
59.789.545/0001-71;PPAR3;POLPAR S.A.
86.550.951/0001-50;FRTA3;POMIFRUTAS S/A
02.149.205/0001-69;PSSA3;PORTO SEGURO S.A.
18.494.485/0001-82;PSVM11;PORTO SUDESTE V.M. S.A.
81.243.735/0001-48;POSI3;POSITIVO TECNOLOGIA S.A.
08.574.411/0001-00;PTCA3;PRATICA PRODUTOS S.A.
18.593.815/0001-97;PRNR3;PRINER SERVIÇOS INDUSTRIAIS S.A.
10.629.105/0001-68;PRIO3;PRIO S.A. – PETRORIO
45.453.214/0001-51;PFRM3;PROFARMA DISTRIBUIDORA DE PRODUTOS FARMACÊUTICOS S.A.
11.992.680/0001-93;QUAL3;QUALICORP CONSULTORIA E CORRETORA DE SEGUROS S.A.
35.791.391/0001-94;QUSW3;QUALITY SOFTWARE S.A.
61.585.865/0001-51;RADL3;RAIA DROGASIL S.A.
33.453.598/0001-23;RAIZ4;RAIZEN S.A.
89.086.144/0001-16;RAPT3;RANDON S.A. IMPLEMENTOS E PARTICIPAÇÕES
89.086.144/0001-16;RAPT4;RANDON S.A. IMPLEMENTOS E PARTICIPAÇÕES
91.333.666/0001-17;RCSL3;RECRUSUL S.A.
91.333.666/0001-17;RCSL4;RECRUSUL S.A.
06.047.087/0001-39;RDOR3;REDE DOR SÃO LUIZ S.A.
61.584.140/0001-49;REDE3;REDE ENERGIA PARTICIPAÇÕES S.A.
33.412.081/0001-96;RPMG3;REFINARIA DE PETRÓLEOS MANGUINHOS S.A.
08.534.605/0001-74;RNEW3;RENOVA ENERGIA S.A.
08.534.605/0001-74;RNEW4;RENOVA ENERGIA S.A.
08.534.605/0001-74;RNEW11;RENOVA ENERGIA S.A.
49.669.856/0001-43;LLIS3;RESTOQUE COMÉRCIO E CONFECÇÕES DE ROUPAS S.A.
02.998.301/0001-81;GEPA3;RIO PARANAPANEMA ENERGIA S.A.
02.998.301/0001-81;GEPA4;RIO PARANAPANEMA ENERGIA S.A.
67.010.660/0001-24;RDNI3;RNI NEGÓCIOS IMOBILIÁRIOS S.A.
59.981.829/0001-65;RBNS11;RODOBENS S.A
56.720.428/0001-63;ROMI3;ROMI S.A.
61.065.751/0001-80;RSID3;ROSSI RESIDENCIAL S.A.
02.387.241/0001-60;RAIL3;RUMO S.A.
13.522.948/0001-59;SAEN3;SAFIRA HOLDING S.A.
14.807.945/0001-24;SNSY3;SANSUY S.A. INDÚSTRIA DE PLÁSTICOS
14.807.945/0001-24;SNSY5;SANSUY S.A. INDÚSTRIA DE PLÁSTICOS
14.807.945/0001-24;SNSY6;SANSUY S.A. INDÚSTRIA DE PLÁSTICOS
02.762.121/0001-04;STBP3;SANTOS BRASIL PARTICIPAÇÕES S.A.
29.780.061/0001-09;SCAR3;SÃO CARLOS EMPREENDIMENTOS E PARTICIPAÇÕES S.A.
51.466.860/0001-56;SMTO3;SÃO MARTINHO S.A.
62.002.886/0001-60;AHEB3;SÃO PAULO TURISMO S.A.
62.002.886/0001-60;AHEB5;SÃO PAULO TURISMO S.A.
62.002.886/0001-60;AHEB6;SÃO PAULO TURISMO S.A.
60.500.139/0001-26;SLED3;SARAIVA LIVREIROS S.A.
60.500.139/0001-26;SLED4;SARAIVA LIVREIROS S.A.
60.500.139/0001-26;SLED11;SARAIVA LIVREIROS S.A.
06.057.223/0001-71;ASAI3;SENDAS DISTRIBUIDORA S.A.
01.599.101/0001-93;SEQL3;SEQUOIA LOGÍSTICA E TRANSPORTES S.A.
04.986.320/0001-13;SEER3;SER EDUCACIONAL S.A.
42.500.384/0001-51;SRNA3;SERENA ENERGIA S.A.
84.693.183/0001-68;SHUL3;SCHULZ S.A.
84.693.183/0001-68;SHUL4;SCHULZ S.A.
61.156.931/0001-78;APTI3;SIDERÚRGICA J. L. ALIPERTI S.A.
61.156.931/0001-78;APTI4;SIDERÚRGICA J. L. ALIPERTI S.A.
07.415.333/0001-20;SIMH3;SIMPAR S.A.
04.065.791/0001-99;SQIA3;SINQIA S.A.
89.096.457/0001-55;SLCE3;SLC AGRÍCOLA S.A.
07.594.978/0001-79;SMFT3;SMARTFIT ESCOLA DE GINÁSTICA E DANÇA S.A.
33.386.210/0001-19;SOND3;SONDOTÉCNICA ENGENHARIA SOLOS S.A.
33.386.210/0001-19;SOND5;SONDOTÉCNICA ENGENHARIA SOLOS S.A.
33.386.210/0001-19;SOND6;SONDOTÉCNICA ENGENHARIA SOLOS S.A.
07.718.269/0001-57;SGPS3;SPRINGS GLOBAL PARTICIPAÇÕES S.A.
02.062.747/0001-08;OPSE3;SUDESTE S.A.
01.957.772/0001-89;OPTS3;SUL 116 PARTICIPAÇÕES S.A.
29.978.814/0001-87;SULA3;SUL AMÉRICA S.A.
29.978.814/0001-87;SULA4;SUL AMÉRICA S.A.
29.978.814/0001-87;SULA11;SUL AMÉRICA S.A.
60.651.809/0001-05;NEMO3;SUZANO HOLDING S.A.
60.651.809/0001-05;NEMO5;SUZANO HOLDING S.A.
60.651.809/0001-05;NEMO6;SUZANO HOLDING S.A.
16.404.287/0001-55;SUZB3;SUZANO S.A.
08.801.621/0001-86;SYNE3;SYN PROP E TECH S.A.
02.860.694/0001-62;SHOW3;T4F ENTRETENIMENTO S.A. – TIME FOR FUN
92.781.335/0001-02;TASA3;TAURUS ARMAS S.A.
92.781.335/0001-02;TASA4;TAURUS ARMAS S.A.
26.345.998/0001-50;TRAD3;TC TRADERS CLUB S.A.
09.295.063/0001-97;TECN3;TECHNOS S.A.
08.065.557/0001-12;TCSA3;TECNISA S.A.
02.351.144/0001-18;TGMA3;TEGMA GESTÃO LOGÍSTICA S.A.
30.213.493/0001-09;TEGA3;TEGRA INCORPORADORA S.A.
82.636.986/0001-55;TEKA3;TEKA – TECELAGEM KUEHNRICH S.A.
82.636.986/0001-55;TEKA4;TEKA – TECELAGEM KUEHNRICH S.A.
33.467.572/0001-34;TKNO3;TEKNO S.A. – INDÚSTRIA E COMÉRCIO
33.467.572/0001-34;TKNO4;TEKNO S.A. – INDÚSTRIA E COMÉRCIO
00.336.701/0001-04;TELB3;TELEC BRASILEIRAS S.A. – TELEBRAS
00.336.701/0001-04;TELB4;TELEC BRASILEIRAS S.A. – TELEBRAS
02.558.157/0001-62;VIVT3;TELEFÔNICA BRASIL S.A
02.664.042/0001-52;MNZC3;TERMINAL GARAGEM MENEZES CORTES S.A.
40.337.136/0001-06;LAND3;TERRA SANTA PROPRIEDADES AGRÍCOLAS S.A.
82.982.075/0001-80;TXRX3;TÊXTIL RENAUXVIEW S.A.
82.982.075/0001-80;TXRX4;TÊXTIL RENAUXVIEW S.A.
02.421.421/0001-11;TIMS3;TIM S.A.
53.113.791/0001-22;TOTS3;TOTVS S.A.
03.014.553/0001-91;TPIS3;TPI – TRIUNFO PARTICIPAÇÕES E INVESTIMENTOS S.A.
59.418.806/0001-47;TFCO4;TRACK & FIELDS CO S.A.
07.859.971/0001-30;TAEE3;TRANSMISSORA ALIANÇA DE ENERGIA ELÉTRICA S.A – TAESA
07.859.971/0001-30;TAEE4;TRANSMISSORA ALIANÇA DE ENERGIA ELÉTRICA S.A – TAESA
07.859.971/0001-30;TAEE11;TRANSMISSORA ALIANÇA DE ENERGIA ELÉTRICA S.A – TAESA
94.813.102/0001-70;TTEN3;TRÊS TENTOS AGROINDUSTRIAL S/A
92.660.570/0001-26;LUXM3;TREVISA INVESTIMENTOS S.A.
92.660.570/0001-26;LUXM4;TREVISA INVESTIMENTOS S.A.
08.811.643/0001-27;TRIS3;TRISUL S.A.
15.115.504/0001-24;CRPG3;TRONOX PIGMENTOS DO BRASIL S.A.
15.115.504/0001-24;CRPG5;TRONOX PIGMENTOS DO BRASIL S.A.
15.115.504/0001-24;CRPG6;TRONOX PIGMENTOS DO BRASIL S.A.
84.683.374/0001-49;TUPY3;TUPY S.A.
33.256.439/0001-39;UGPA3;ULTRAPAR PARTICIPAÇÕES S.A.
90.441.460/0001-48;UCAS3;UNICASA INDÚSTRIA DE MÓVEIS S.A.
02.255.187/0001-08;FIQE3;UNIFIQUE TELECOMUNICAÇÕES S.A.
33.958.695/0001-78;UNIP3;UNIPAR CARBOCLORO S.A.
33.958.695/0001-78;UNIP5;UNIPAR CARBOCLORO S.A.
33.958.695/0001-78;UNIP6;UNIPAR CARBOCLORO S.A.
02.162.616/0001-94;UPKP3;UPTICK PARTICIPAÇÕES S.A.
60.894.730/0001-05;USIM3;USINAS SID DE MINAS GERAIS S.A. – USIMINAS 
60.894.730/0001-05;USIM5;USINAS SID DE MINAS GERAIS S.A. – USIMINAS 
60.894.730/0001-05;USIM6;USINAS SID DE MINAS GERAIS S.A. – USIMINAS 
33.592.510/0001-54;VALE3;VALE S.A.
33.113.309/0001-47;VLID3;VALID SOLUÇÕES S.A.
23.373.000/0001-32;VAMO3;VAMOS LOCAÇÃO DE CAMINHÕES, MÁQUINAS E EQUIPAMENTOS S.A.
49.669.856/0001-43;VSTE3;VESTE S.A. ESTILO
33.041.260/0652-90;VIIA3;VIA S.A.
34.274.233/0001-02;VBBR3;VIBRA ENERGIA S.A.
45.365.558/0001-09;VITT3;VITTIA FERTILIZANTES BIOLÓGICOS S.A.
33.839.910/0001-11;VIVA3;VIVARA PARTICIPAÇÕES S.A.
67.571.414/0001-41;VIVR3;VIVER INCORPORADORA E CONSTRUTORA S.A.
50.926.955/0001-42;VULC3;VULCABRAS S.A.
84.429.695/0001-11;WEGE3;WEG S.A.
14.776.142/0001-50;WEST3;WESTWING COMÉRCIO VAREJISTA S.A.
84.683.671/0001-94;MWET3;WETZEL S.A.
84.683.671/0001-94;MWET4;WETZEL S.A.
59.105.999/0001-86;WHRL3;WHIRLPOOL S.A.
59.105.999/0001-86;WHRL4;WHIRLPOOL S.A.
33.130.691/0001-05;PORT3;WILSON SONS HOLDINGS BRASIL S.A.
42.278.473/0001-03;WIZC3;WIZ CO PARTICIPAÇÕES E CORRETAGEM DE SEGUROS S.A.
33.228.024/0001-51;WLMM3;WLM PART. E COMÉRCIO DE MÁQUINAS E VEÍCULOS S.A.
33.228.024/0001-51;WLMM4;WLM PART. E COMÉRCIO DE MÁQUINAS E VEÍCULOS S.A.
02.217.319/0001-07;YBRA3;YBYRÁ CAPITAL S.A.
02.217.319/0001-07;YBRA4;YBYRÁ CAPITAL S.A.
08.807.432/0001-10;YDUQ3;YDUQS PARTICIPAÇÕES S.A.
13.574.594/0001-96;ZAMP3;ZAMP S.A.
